time,beds_used,available_beds,queue_length,bed_utilization,queue_full,system_pressure,over_capacity_pressure
0.0,0,10,0,0.0,False,0,False
1.0,1,9,0,0.1,False,1,False
2.0,1,9,0,0.1,False,1,False
3.0,1,9,0,0.1,False,1,False
4.0,2,8,0,0.2,False,2,False
5.0,2,8,0,0.2,False,2,False
6.0,3,7,0,0.3,False,3,False
7.0,3,7,0,0.3,False,3,False
8.0,4,6,0,0.4,False,4,False
9.0,5,5,0,0.5,False,5,False
10.0,5,5,0,0.5,False,5,False
11.0,5,5,0,0.5,False,5,False
12.0,6,4,0,0.6,False,6,False
13.0,6,4,0,0.6,False,6,False
14.0,7,3,0,0.7,False,7,False
15.0,6,4,0,0.6,False,6,False
16.0,6,4,0,0.6,False,6,False
17.0,7,3,0,0.7,False,7,False
18.0,7,3,0,0.7,False,7,False
19.0,7,3,0,0.7,False,7,False
20.0,8,2,0,0.8,False,8,False
21.0,8,2,0,0.8,False,8,False
22.0,8,2,0,0.8,False,8,False
23.0,8,2,0,0.8,False,8,False
24.0,7,3,0,0.7,False,7,False
25.0,7,3,0,0.7,False,7,False
26.0,8,2,0,0.8,False,8,False
27.0,8,2,0,0.8,False,8,False
28.0,9,1,0,0.9,False,9,False
29.0,10,0,0,1.0,False,10,False
30.0,9,1,0,0.9,False,9,False
31.0,10,0,0,1.0,False,10,False
32.0,10,0,0,1.0,False,10,False
33.0,10,0,0,1.0,False,10,False
34.0,10,0,1,1.0,False,11,True
35.0,10,0,1,1.0,False,11,True
36.0,10,0,2,1.0,False,12,True
37.0,10,0,1,1.0,False,11,True
38.0,10,0,0,1.0,False,10,False
39.0,10,0,1,1.0,False,11,True
40.0,10,0,1,1.0,False,11,True
41.0,10,0,0,1.0,False,10,False
42.0,10,0,0,1.0,False,10,False
43.0,10,0,0,1.0,False,10,False
44.0,10,0,1,1.0,False,11,True
45.0,10,0,1,1.0,False,11,True
46.0,10,0,0,1.0,False,10,False
47.0,10,0,1,1.0,False,11,True
48.0,10,0,0,1.0,False,10,False
49.0,10,0,0,1.0,False,10,False
50.0,9,1,0,0.9,False,9,False
51.0,10,0,0,1.0,False,10,False
52.0,10,0,0,1.0,False,10,False
53.0,10,0,0,1.0,False,10,False
54.0,10,0,0,1.0,False,10,False
55.0,10,0,0,1.0,False,10,False
56.0,9,1,0,0.9,False,9,False
57.0,9,1,0,0.9,False,9,False
58.0,10,0,0,1.0,False,10,False
59.0,10,0,0,1.0,False,10,False
60.0,9,1,0,0.9,False,9,False
61.0,9,1,0,0.9,False,9,False
62.0,9,1,0,0.9,False,9,False
63.0,10,0,0,1.0,False,10,False
64.0,9,1,0,0.9,False,9,False
65.0,8,2,0,0.8,False,8,False
66.0,8,2,0,0.8,False,8,False
67.0,9,1,0,0.9,False,9,False
68.0,9,1,0,0.9,False,9,False
69.0,9,1,0,0.9,False,9,False
70.0,9,1,0,0.9,False,9,False
71.0,8,2,0,0.8,False,8,False
72.0,8,2,0,0.8,False,8,False
73.0,9,1,0,0.9,False,9,False
74.0,9,1,0,0.9,False,9,False
75.0,8,2,0,0.8,False,8,False
76.0,8,2,0,0.8,False,8,False
77.0,8,2,0,0.8,False,8,False
78.0,8,2,0,0.8,False,8,False
79.0,8,2,0,0.8,False,8,False
80.0,8,2,0,0.8,False,8,False
81.0,9,1,0,0.9,False,9,False
82.0,9,1,0,0.9,False,9,False
83.0,10,0,0,1.0,False,10,False
84.0,10,0,0,1.0,False,10,False
85.0,10,0,1,1.0,False,11,True
86.0,10,0,0,1.0,False,10,False
87.0,10,0,1,1.0,False,11,True
88.0,10,0,1,1.0,False,11,True
89.0,10,0,0,1.0,False,10,False
90.0,8,2,0,0.8,False,8,False
91.0,9,1,0,0.9,False,9,False
92.0,9,1,0,0.9,False,9,False
93.0,8,2,0,0.8,False,8,False
94.0,9,1,0,0.9,False,9,False
95.0,10,0,0,1.0,False,10,False
96.0,10,0,0,1.0,False,10,False
97.0,10,0,0,1.0,False,10,False
98.0,10,0,1,1.0,False,11,True
99.0,10,0,1,1.0,False,11,True
100.0,10,0,0,1.0,False,10,False
101.0,10,0,0,1.0,False,10,False
102.0,10,0,1,1.0,False,11,True
103.0,10,0,2,1.0,False,12,True
104.0,10,0,2,1.0,False,12,True
105.0,10,0,1,1.0,False,11,True
106.0,10,0,1,1.0,False,11,True
107.0,10,0,1,1.0,False,11,True
108.0,10,0,0,1.0,False,10,False
109.0,10,0,1,1.0,False,11,True
110.0,10,0,1,1.0,False,11,True
111.0,10,0,2,1.0,False,12,True
112.0,10,0,1,1.0,False,11,True
113.0,10,0,1,1.0,False,11,True
114.0,10,0,2,1.0,False,12,True
115.0,10,0,1,1.0,False,11,True
116.0,10,0,1,1.0,False,11,True
117.0,10,0,1,1.0,False,11,True
118.0,10,0,2,1.0,False,12,True
119.0,10,0,1,1.0,False,11,True
120.0,10,0,2,1.0,False,12,True
121.0,10,0,3,1.0,False,13,True
122.0,10,0,1,1.0,False,11,True
123.0,10,0,0,1.0,False,10,False
124.0,8,2,0,0.8,False,8,False
125.0,9,1,0,0.9,False,9,False
126.0,9,1,0,0.9,False,9,False
127.0,8,2,0,0.8,False,8,False
128.0,8,2,0,0.8,False,8,False
129.0,8,2,0,0.8,False,8,False
130.0,9,1,0,0.9,False,9,False
131.0,9,1,0,0.9,False,9,False
132.0,10,0,0,1.0,False,10,False
133.0,10,0,0,1.0,False,10,False
134.0,10,0,1,1.0,False,11,True
135.0,10,0,0,1.0,False,10,False
136.0,10,0,1,1.0,False,11,True
137.0,10,0,1,1.0,False,11,True
138.0,10,0,0,1.0,False,10,False
139.0,10,0,0,1.0,False,10,False
140.0,9,1,0,0.9,False,9,False
141.0,9,1,0,0.9,False,9,False
142.0,9,1,0,0.9,False,9,False
143.0,9,1,0,0.9,False,9,False
144.0,9,1,0,0.9,False,9,False
145.0,9,1,0,0.9,False,9,False
146.0,8,2,0,0.8,False,8,False
147.0,8,2,0,0.8,False,8,False
148.0,8,2,0,0.8,False,8,False
149.0,8,2,0,0.8,False,8,False
150.0,8,2,0,0.8,False,8,False
151.0,9,1,0,0.9,False,9,False
152.0,10,0,0,1.0,False,10,False
153.0,10,0,0,1.0,False,10,False
154.0,10,0,0,1.0,False,10,False
155.0,10,0,0,1.0,False,10,False
156.0,9,1,0,0.9,False,9,False
157.0,9,1,0,0.9,False,9,False
158.0,10,0,0,1.0,False,10,False
159.0,10,0,0,1.0,False,10,False
160.0,9,1,0,0.9,False,9,False
161.0,9,1,0,0.9,False,9,False
162.0,10,0,0,1.0,False,10,False
163.0,10,0,0,1.0,False,10,False
164.0,10,0,1,1.0,False,11,True
165.0,9,1,0,0.9,False,9,False
166.0,8,2,0,0.8,False,8,False
167.0,9,1,0,0.9,False,9,False
168.0,10,0,0,1.0,False,10,False
169.0,10,0,0,1.0,False,10,False
170.0,10,0,1,1.0,False,11,True
171.0,9,1,0,0.9,False,9,False
172.0,9,1,0,0.9,False,9,False
173.0,9,1,0,0.9,False,9,False
174.0,9,1,0,0.9,False,9,False
175.0,9,1,0,0.9,False,9,False
176.0,8,2,0,0.8,False,8,False
177.0,9,1,0,0.9,False,9,False
178.0,8,2,0,0.8,False,8,False
179.0,9,1,0,0.9,False,9,False
180.0,8,2,0,0.8,False,8,False
181.0,8,2,0,0.8,False,8,False
182.0,9,1,0,0.9,False,9,False
183.0,9,1,0,0.9,False,9,False
184.0,9,1,0,0.9,False,9,False
185.0,10,0,0,1.0,False,10,False
186.0,10,0,1,1.0,False,11,True
187.0,10,0,0,1.0,False,10,False
188.0,8,2,0,0.8,False,8,False
189.0,9,1,0,0.9,False,9,False
190.0,9,1,0,0.9,False,9,False
191.0,10,0,0,1.0,False,10,False
192.0,10,0,0,1.0,False,10,False
193.0,10,0,0,1.0,False,10,False
194.0,10,0,0,1.0,False,10,False
195.0,10,0,0,1.0,False,10,False
196.0,10,0,1,1.0,False,11,True
197.0,10,0,0,1.0,False,10,False
198.0,9,1,0,0.9,False,9,False
199.0,10,0,0,1.0,False,10,False
200.0,10,0,0,1.0,False,10,False
201.0,10,0,0,1.0,False,10,False
202.0,10,0,0,1.0,False,10,False
203.0,10,0,1,1.0,False,11,True
204.0,10,0,1,1.0,False,11,True
205.0,10,0,0,1.0,False,10,False
206.0,10,0,0,1.0,False,10,False
207.0,9,1,0,0.9,False,9,False
208.0,8,2,0,0.8,False,8,False
209.0,9,1,0,0.9,False,9,False
210.0,7,3,0,0.7,False,7,False
211.0,7,3,0,0.7,False,7,False
212.0,8,2,0,0.8,False,8,False
213.0,7,3,0,0.7,False,7,False
214.0,8,2,0,0.8,False,8,False
215.0,8,2,0,0.8,False,8,False
216.0,7,3,0,0.7,False,7,False
217.0,8,2,0,0.8,False,8,False
218.0,8,2,0,0.8,False,8,False
219.0,9,1,0,0.9,False,9,False
220.0,10,0,0,1.0,False,10,False
221.0,10,0,0,1.0,False,10,False
222.0,10,0,0,1.0,False,10,False
223.0,10,0,0,1.0,False,10,False
224.0,10,0,1,1.0,False,11,True
225.0,10,0,0,1.0,False,10,False
226.0,10,0,0,1.0,False,10,False
227.0,10,0,1,1.0,False,11,True
228.0,10,0,1,1.0,False,11,True
229.0,10,0,2,1.0,False,12,True
230.0,10,0,2,1.0,False,12,True
231.0,10,0,1,1.0,False,11,True
232.0,10,0,1,1.0,False,11,True
233.0,10,0,1,1.0,False,11,True
234.0,9,1,0,0.9,False,9,False
235.0,10,0,0,1.0,False,10,False
236.0,8,2,0,0.8,False,8,False
237.0,8,2,0,0.8,False,8,False
238.0,8,2,0,0.8,False,8,False
239.0,8,2,0,0.8,False,8,False
240.0,9,1,0,0.9,False,9,False
241.0,9,1,0,0.9,False,9,False
242.0,10,0,0,1.0,False,10,False
243.0,10,0,1,1.0,False,11,True
244.0,10,0,1,1.0,False,11,True
245.0,10,0,1,1.0,False,11,True
246.0,10,0,1,1.0,False,11,True
247.0,10,0,1,1.0,False,11,True
248.0,10,0,2,1.0,False,12,True
249.0,10,0,2,1.0,False,12,True
250.0,10,0,3,1.0,False,13,True
251.0,10,0,4,1.0,False,14,True
252.0,10,0,4,1.0,False,14,True
253.0,10,0,2,1.0,False,12,True
254.0,10,0,1,1.0,False,11,True
255.0,10,0,1,1.0,False,11,True
256.0,10,0,0,1.0,False,10,False
257.0,10,0,0,1.0,False,10,False
258.0,9,1,0,0.9,False,9,False
259.0,10,0,0,1.0,False,10,False
260.0,10,0,0,1.0,False,10,False
261.0,10,0,1,1.0,False,11,True
262.0,10,0,1,1.0,False,11,True
263.0,10,0,0,1.0,False,10,False
264.0,9,1,0,0.9,False,9,False
265.0,7,3,0,0.7,False,7,False
266.0,7,3,0,0.7,False,7,False
267.0,8,2,0,0.8,False,8,False
268.0,8,2,0,0.8,False,8,False
269.0,8,2,0,0.8,False,8,False
270.0,8,2,0,0.8,False,8,False
271.0,7,3,0,0.7,False,7,False
272.0,8,2,0,0.8,False,8,False
273.0,8,2,0,0.8,False,8,False
274.0,9,1,0,0.9,False,9,False
275.0,9,1,0,0.9,False,9,False
276.0,9,1,0,0.9,False,9,False
277.0,9,1,0,0.9,False,9,False
278.0,9,1,0,0.9,False,9,False
279.0,8,2,0,0.8,False,8,False
280.0,8,2,0,0.8,False,8,False
281.0,8,2,0,0.8,False,8,False
282.0,9,1,0,0.9,False,9,False
283.0,10,0,0,1.0,False,10,False
284.0,9,1,0,0.9,False,9,False
285.0,8,2,0,0.8,False,8,False
286.0,8,2,0,0.8,False,8,False
287.0,8,2,0,0.8,False,8,False
288.0,9,1,0,0.9,False,9,False
289.0,9,1,0,0.9,False,9,False
290.0,10,0,0,1.0,False,10,False
291.0,9,1,0,0.9,False,9,False
292.0,9,1,0,0.9,False,9,False
293.0,8,2,0,0.8,False,8,False
294.0,9,1,0,0.9,False,9,False
295.0,8,2,0,0.8,False,8,False
296.0,9,1,0,0.9,False,9,False
297.0,8,2,0,0.8,False,8,False
298.0,9,1,0,0.9,False,9,False
299.0,9,1,0,0.9,False,9,False
300.0,10,0,0,1.0,False,10,False
301.0,9,1,0,0.9,False,9,False
302.0,9,1,0,0.9,False,9,False
303.0,10,0,0,1.0,False,10,False
304.0,9,1,0,0.9,False,9,False
305.0,9,1,0,0.9,False,9,False
306.0,10,0,0,1.0,False,10,False
307.0,10,0,0,1.0,False,10,False
308.0,10,0,0,1.0,False,10,False
309.0,10,0,1,1.0,False,11,True
310.0,10,0,0,1.0,False,10,False
311.0,9,1,0,0.9,False,9,False
312.0,10,0,0,1.0,False,10,False
313.0,10,0,0,1.0,False,10,False
314.0,10,0,0,1.0,False,10,False
315.0,10,0,0,1.0,False,10,False
316.0,9,1,0,0.9,False,9,False
317.0,10,0,0,1.0,False,10,False
318.0,10,0,0,1.0,False,10,False
319.0,10,0,1,1.0,False,11,True
320.0,10,0,1,1.0,False,11,True
321.0,10,0,0,1.0,False,10,False
322.0,10,0,1,1.0,False,11,True
323.0,10,0,1,1.0,False,11,True
324.0,10,0,2,1.0,False,12,True
325.0,10,0,1,1.0,False,11,True
326.0,10,0,0,1.0,False,10,False
327.0,10,0,1,1.0,False,11,True
328.0,9,1,0,0.9,False,9,False
329.0,8,2,0,0.8,False,8,False
330.0,9,1,0,0.9,False,9,False
331.0,9,1,0,0.9,False,9,False
332.0,10,0,0,1.0,False,10,False
333.0,10,0,0,1.0,False,10,False
334.0,10,0,0,1.0,False,10,False
335.0,10,0,0,1.0,False,10,False
336.0,9,1,0,0.9,False,9,False
337.0,9,1,0,0.9,False,9,False
338.0,10,0,0,1.0,False,10,False
339.0,8,2,0,0.8,False,8,False
340.0,8,2,0,0.8,False,8,False
341.0,8,2,0,0.8,False,8,False
342.0,9,1,0,0.9,False,9,False
343.0,9,1,0,0.9,False,9,False
344.0,10,0,0,1.0,False,10,False
345.0,10,0,0,1.0,False,10,False
346.0,10,0,1,1.0,False,11,True
347.0,8,2,0,0.8,False,8,False
348.0,9,1,0,0.9,False,9,False
349.0,9,1,0,0.9,False,9,False
350.0,10,0,0,1.0,False,10,False
351.0,10,0,0,1.0,False,10,False
352.0,8,2,0,0.8,False,8,False
353.0,9,1,0,0.9,False,9,False
354.0,9,1,0,0.9,False,9,False
355.0,8,2,0,0.8,False,8,False
356.0,8,2,0,0.8,False,8,False
357.0,8,2,0,0.8,False,8,False
358.0,8,2,0,0.8,False,8,False
359.0,9,1,0,0.9,False,9,False
360.0,8,2,0,0.8,False,8,False
361.0,8,2,0,0.8,False,8,False
362.0,8,2,0,0.8,False,8,False
363.0,9,1,0,0.9,False,9,False
364.0,9,1,0,0.9,False,9,False
365.0,10,0,0,1.0,False,10,False
366.0,10,0,0,1.0,False,10,False
367.0,10,0,1,1.0,False,11,True
368.0,10,0,0,1.0,False,10,False
369.0,10,0,0,1.0,False,10,False
370.0,10,0,1,1.0,False,11,True
371.0,10,0,1,1.0,False,11,True
372.0,10,0,2,1.0,False,12,True
373.0,10,0,3,1.0,False,13,True
374.0,10,0,2,1.0,False,12,True
375.0,10,0,1,1.0,False,11,True
376.0,10,0,1,1.0,False,11,True
377.0,10,0,0,1.0,False,10,False
378.0,10,0,1,1.0,False,11,True
379.0,10,0,2,1.0,False,12,True
380.0,10,0,1,1.0,False,11,True
381.0,10,0,2,1.0,False,12,True
382.0,10,0,2,1.0,False,12,True
383.0,10,0,2,1.0,False,12,True
384.0,10,0,1,1.0,False,11,True
385.0,10,0,2,1.0,False,12,True
386.0,10,0,2,1.0,False,12,True
387.0,10,0,0,1.0,False,10,False
388.0,10,0,1,1.0,False,11,True
389.0,10,0,0,1.0,False,10,False
390.0,10,0,1,1.0,False,11,True
391.0,10,0,2,1.0,False,12,True
392.0,10,0,2,1.0,False,12,True
393.0,10,0,1,1.0,False,11,True
394.0,10,0,2,1.0,False,12,True
395.0,10,0,2,1.0,False,12,True
396.0,10,0,2,1.0,False,12,True
397.0,10,0,1,1.0,False,11,True
398.0,10,0,2,1.0,False,12,True
399.0,10,0,2,1.0,False,12,True
400.0,10,0,1,1.0,False,11,True
401.0,10,0,1,1.0,False,11,True
402.0,10,0,0,1.0,False,10,False
403.0,10,0,0,1.0,False,10,False
404.0,9,1,0,0.9,False,9,False
405.0,10,0,0,1.0,False,10,False
406.0,10,0,0,1.0,False,10,False
407.0,9,1,0,0.9,False,9,False
408.0,10,0,0,1.0,False,10,False
409.0,9,1,0,0.9,False,9,False
410.0,10,0,0,1.0,False,10,False
411.0,10,0,0,1.0,False,10,False
412.0,10,0,1,1.0,False,11,True
413.0,10,0,0,1.0,False,10,False
414.0,10,0,1,1.0,False,11,True
415.0,10,0,0,1.0,False,10,False
416.0,10,0,1,1.0,False,11,True
417.0,10,0,1,1.0,False,11,True
418.0,10,0,2,1.0,False,12,True
419.0,10,0,2,1.0,False,12,True
420.0,10,0,2,1.0,False,12,True
421.0,8,2,0,0.8,False,8,False
422.0,9,1,0,0.9,False,9,False
423.0,9,1,0,0.9,False,9,False
424.0,10,0,0,1.0,False,10,False
425.0,10,0,1,1.0,False,11,True
426.0,10,0,1,1.0,False,11,True
427.0,10,0,1,1.0,False,11,True
428.0,10,0,0,1.0,False,10,False
429.0,10,0,0,1.0,False,10,False
430.0,10,0,1,1.0,False,11,True
431.0,10,0,1,1.0,False,11,True
432.0,10,0,0,1.0,False,10,False
433.0,10,0,1,1.0,False,11,True
434.0,10,0,1,1.0,False,11,True
435.0,10,0,1,1.0,False,11,True
436.0,10,0,2,1.0,False,12,True
437.0,10,0,1,1.0,False,11,True
438.0,10,0,0,1.0,False,10,False
439.0,9,1,0,0.9,False,9,False
440.0,9,1,0,0.9,False,9,False
441.0,9,1,0,0.9,False,9,False
442.0,10,0,0,1.0,False,10,False
443.0,9,1,0,0.9,False,9,False
444.0,10,0,0,1.0,False,10,False
445.0,10,0,1,1.0,False,11,True
446.0,10,0,1,1.0,False,11,True
447.0,10,0,2,1.0,False,12,True
448.0,9,1,0,0.9,False,9,False
449.0,9,1,0,0.9,False,9,False
450.0,10,0,0,1.0,False,10,False
451.0,10,0,0,1.0,False,10,False
452.0,9,1,0,0.9,False,9,False
453.0,9,1,0,0.9,False,9,False
454.0,9,1,0,0.9,False,9,False
455.0,9,1,0,0.9,False,9,False
456.0,9,1,0,0.9,False,9,False
457.0,9,1,0,0.9,False,9,False
458.0,10,0,0,1.0,False,10,False
459.0,10,0,0,1.0,False,10,False
460.0,10,0,0,1.0,False,10,False
461.0,9,1,0,0.9,False,9,False
462.0,9,1,0,0.9,False,9,False
463.0,9,1,0,0.9,False,9,False
464.0,9,1,0,0.9,False,9,False
465.0,10,0,0,1.0,False,10,False
466.0,9,1,0,0.9,False,9,False
467.0,9,1,0,0.9,False,9,False
468.0,10,0,0,1.0,False,10,False
469.0,10,0,0,1.0,False,10,False
470.0,10,0,1,1.0,False,11,True
471.0,9,1,0,0.9,False,9,False
472.0,9,1,0,0.9,False,9,False
473.0,8,2,0,0.8,False,8,False
474.0,7,3,0,0.7,False,7,False
475.0,8,2,0,0.8,False,8,False
476.0,8,2,0,0.8,False,8,False
477.0,9,1,0,0.9,False,9,False
478.0,8,2,0,0.8,False,8,False
479.0,9,1,0,0.9,False,9,False
480.0,9,1,0,0.9,False,9,False
481.0,9,1,0,0.9,False,9,False
482.0,9,1,0,0.9,False,9,False
483.0,9,1,0,0.9,False,9,False
484.0,9,1,0,0.9,False,9,False
485.0,10,0,0,1.0,False,10,False
486.0,10,0,1,1.0,False,11,True
487.0,10,0,2,1.0,False,12,True
488.0,10,0,1,1.0,False,11,True
489.0,9,1,0,0.9,False,9,False
490.0,10,0,0,1.0,False,10,False
491.0,10,0,1,1.0,False,11,True
492.0,10,0,1,1.0,False,11,True
493.0,10,0,1,1.0,False,11,True
494.0,10,0,1,1.0,False,11,True
495.0,10,0,0,1.0,False,10,False
496.0,9,1,0,0.9,False,9,False
497.0,8,2,0,0.8,False,8,False
498.0,9,1,0,0.9,False,9,False
499.0,9,1,0,0.9,False,9,False
500.0,10,0,0,1.0,False,10,False
501.0,10,0,1,1.0,False,11,True
502.0,10,0,1,1.0,False,11,True
503.0,10,0,1,1.0,False,11,True
504.0,10,0,1,1.0,False,11,True
505.0,10,0,0,1.0,False,10,False
506.0,10,0,0,1.0,False,10,False
507.0,10,0,0,1.0,False,10,False
508.0,10,0,0,1.0,False,10,False
509.0,9,1,0,0.9,False,9,False
510.0,10,0,0,1.0,False,10,False
511.0,10,0,0,1.0,False,10,False
512.0,10,0,1,1.0,False,11,True
513.0,9,1,0,0.9,False,9,False
514.0,10,0,0,1.0,False,10,False
515.0,10,0,0,1.0,False,10,False
516.0,10,0,1,1.0,False,11,True
517.0,9,1,0,0.9,False,9,False
518.0,9,1,0,0.9,False,9,False
519.0,9,1,0,0.9,False,9,False
520.0,8,2,0,0.8,False,8,False
521.0,9,1,0,0.9,False,9,False
522.0,7,3,0,0.7,False,7,False
523.0,8,2,0,0.8,False,8,False
524.0,8,2,0,0.8,False,8,False
525.0,9,1,0,0.9,False,9,False
526.0,9,1,0,0.9,False,9,False
527.0,10,0,0,1.0,False,10,False
528.0,8,2,0,0.8,False,8,False
529.0,9,1,0,0.9,False,9,False
530.0,10,0,0,1.0,False,10,False
531.0,9,1,0,0.9,False,9,False
532.0,9,1,0,0.9,False,9,False
533.0,10,0,0,1.0,False,10,False
534.0,9,1,0,0.9,False,9,False
535.0,10,0,0,1.0,False,10,False
536.0,9,1,0,0.9,False,9,False
537.0,9,1,0,0.9,False,9,False
538.0,9,1,0,0.9,False,9,False
539.0,9,1,0,0.9,False,9,False
540.0,9,1,0,0.9,False,9,False
541.0,9,1,0,0.9,False,9,False
542.0,10,0,0,1.0,False,10,False
543.0,10,0,1,1.0,False,11,True
544.0,10,0,0,1.0,False,10,False
545.0,9,1,0,0.9,False,9,False
546.0,10,0,0,1.0,False,10,False
547.0,10,0,0,1.0,False,10,False
548.0,10,0,1,1.0,False,11,True
549.0,10,0,1,1.0,False,11,True
550.0,10,0,1,1.0,False,11,True
551.0,10,0,0,1.0,False,10,False
552.0,10,0,1,1.0,False,11,True
553.0,10,0,0,1.0,False,10,False
554.0,10,0,1,1.0,False,11,True
555.0,9,1,0,0.9,False,9,False
556.0,9,1,0,0.9,False,9,False
557.0,7,3,0,0.7,False,7,False
558.0,8,2,0,0.8,False,8,False
559.0,8,2,0,0.8,False,8,False
560.0,9,1,0,0.9,False,9,False
561.0,10,0,0,1.0,False,10,False
562.0,10,0,0,1.0,False,10,False
563.0,10,0,0,1.0,False,10,False
564.0,10,0,1,1.0,False,11,True
565.0,10,0,1,1.0,False,11,True
566.0,10,0,1,1.0,False,11,True
567.0,10,0,1,1.0,False,11,True
568.0,10,0,1,1.0,False,11,True
569.0,10,0,1,1.0,False,11,True
570.0,10,0,0,1.0,False,10,False
571.0,9,1,0,0.9,False,9,False
572.0,10,0,0,1.0,False,10,False
573.0,10,0,0,1.0,False,10,False
574.0,10,0,1,1.0,False,11,True
575.0,9,1,0,0.9,False,9,False
576.0,8,2,0,0.8,False,8,False
577.0,8,2,0,0.8,False,8,False
578.0,9,1,0,0.9,False,9,False
579.0,9,1,0,0.9,False,9,False
580.0,8,2,0,0.8,False,8,False
581.0,8,2,0,0.8,False,8,False
582.0,8,2,0,0.8,False,8,False
583.0,8,2,0,0.8,False,8,False
584.0,9,1,0,0.9,False,9,False
585.0,9,1,0,0.9,False,9,False
586.0,10,0,0,1.0,False,10,False
587.0,10,0,0,1.0,False,10,False
588.0,10,0,1,1.0,False,11,True
589.0,10,0,0,1.0,False,10,False
590.0,10,0,0,1.0,False,10,False
591.0,8,2,0,0.8,False,8,False
592.0,8,2,0,0.8,False,8,False
593.0,9,1,0,0.9,False,9,False
594.0,10,0,0,1.0,False,10,False
595.0,10,0,0,1.0,False,10,False
596.0,9,1,0,0.9,False,9,False
597.0,10,0,0,1.0,False,10,False
598.0,10,0,0,1.0,False,10,False
599.0,10,0,0,1.0,False,10,False
600.0,9,1,0,0.9,False,9,False
601.0,10,0,0,1.0,False,10,False
602.0,10,0,0,1.0,False,10,False
603.0,9,1,0,0.9,False,9,False
604.0,10,0,0,1.0,False,10,False
605.0,10,0,0,1.0,False,10,False
606.0,10,0,1,1.0,False,11,True
607.0,9,1,0,0.9,False,9,False
608.0,8,2,0,0.8,False,8,False
609.0,9,1,0,0.9,False,9,False
610.0,10,0,0,1.0,False,10,False
611.0,9,1,0,0.9,False,9,False
612.0,10,0,0,1.0,False,10,False
613.0,10,0,0,1.0,False,10,False
614.0,10,0,0,1.0,False,10,False
615.0,9,1,0,0.9,False,9,False
616.0,10,0,0,1.0,False,10,False
617.0,10,0,0,1.0,False,10,False
618.0,10,0,1,1.0,False,11,True
619.0,10,0,1,1.0,False,11,True
620.0,9,1,0,0.9,False,9,False
621.0,9,1,0,0.9,False,9,False
622.0,10,0,0,1.0,False,10,False
623.0,10,0,0,1.0,False,10,False
624.0,10,0,0,1.0,False,10,False
625.0,9,1,0,0.9,False,9,False
626.0,9,1,0,0.9,False,9,False
627.0,9,1,0,0.9,False,9,False
628.0,9,1,0,0.9,False,9,False
629.0,8,2,0,0.8,False,8,False
630.0,7,3,0,0.7,False,7,False
631.0,8,2,0,0.8,False,8,False
632.0,8,2,0,0.8,False,8,False
633.0,9,1,0,0.9,False,9,False
634.0,9,1,0,0.9,False,9,False
635.0,7,3,0,0.7,False,7,False
636.0,8,2,0,0.8,False,8,False
637.0,8,2,0,0.8,False,8,False
638.0,8,2,0,0.8,False,8,False
639.0,7,3,0,0.7,False,7,False
640.0,8,2,0,0.8,False,8,False
641.0,8,2,0,0.8,False,8,False
642.0,8,2,0,0.8,False,8,False
643.0,8,2,0,0.8,False,8,False
644.0,8,2,0,0.8,False,8,False
645.0,8,2,0,0.8,False,8,False
646.0,8,2,0,0.8,False,8,False
647.0,9,1,0,0.9,False,9,False
648.0,9,1,0,0.9,False,9,False
649.0,9,1,0,0.9,False,9,False
650.0,9,1,0,0.9,False,9,False
651.0,9,1,0,0.9,False,9,False
652.0,10,0,0,1.0,False,10,False
653.0,8,2,0,0.8,False,8,False
654.0,9,1,0,0.9,False,9,False
655.0,8,2,0,0.8,False,8,False
656.0,9,1,0,0.9,False,9,False
657.0,9,1,0,0.9,False,9,False
658.0,10,0,0,1.0,False,10,False
659.0,9,1,0,0.9,False,9,False
660.0,10,0,0,1.0,False,10,False
661.0,10,0,0,1.0,False,10,False
662.0,10,0,1,1.0,False,11,True
663.0,10,0,1,1.0,False,11,True
664.0,10,0,1,1.0,False,11,True
665.0,10,0,0,1.0,False,10,False
666.0,9,1,0,0.9,False,9,False
667.0,9,1,0,0.9,False,9,False
668.0,10,0,0,1.0,False,10,False
669.0,10,0,0,1.0,False,10,False
670.0,9,1,0,0.9,False,9,False
671.0,9,1,0,0.9,False,9,False
672.0,8,2,0,0.8,False,8,False
673.0,9,1,0,0.9,False,9,False
674.0,9,1,0,0.9,False,9,False
675.0,10,0,0,1.0,False,10,False
676.0,10,0,0,1.0,False,10,False
677.0,10,0,0,1.0,False,10,False
678.0,10,0,0,1.0,False,10,False
679.0,10,0,0,1.0,False,10,False
680.0,9,1,0,0.9,False,9,False
681.0,9,1,0,0.9,False,9,False
682.0,9,1,0,0.9,False,9,False
683.0,9,1,0,0.9,False,9,False
684.0,10,0,0,1.0,False,10,False
685.0,10,0,1,1.0,False,11,True
686.0,10,0,1,1.0,False,11,True
687.0,10,0,2,1.0,False,12,True
688.0,10,0,1,1.0,False,11,True
689.0,10,0,2,1.0,False,12,True
690.0,10,0,1,1.0,False,11,True
691.0,10,0,0,1.0,False,10,False
692.0,10,0,0,1.0,False,10,False
693.0,10,0,1,1.0,False,11,True
694.0,10,0,1,1.0,False,11,True
695.0,10,0,2,1.0,False,12,True
696.0,10,0,3,1.0,False,13,True
697.0,10,0,2,1.0,False,12,True
698.0,10,0,2,1.0,False,12,True
699.0,10,0,1,1.0,False,11,True
700.0,10,0,0,1.0,False,10,False
701.0,8,2,0,0.8,False,8,False
702.0,9,1,0,0.9,False,9,False
703.0,8,2,0,0.8,False,8,False
704.0,8,2,0,0.8,False,8,False
705.0,8,2,0,0.8,False,8,False
706.0,9,1,0,0.9,False,9,False
707.0,9,1,0,0.9,False,9,False
708.0,9,1,0,0.9,False,9,False
709.0,10,0,0,1.0,False,10,False
710.0,10,0,1,1.0,False,11,True
711.0,10,0,1,1.0,False,11,True
712.0,10,0,1,1.0,False,11,True
713.0,10,0,2,1.0,False,12,True
714.0,10,0,1,1.0,False,11,True
715.0,10,0,0,1.0,False,10,False
716.0,10,0,1,1.0,False,11,True
717.0,10,0,1,1.0,False,11,True
718.0,10,0,1,1.0,False,11,True
719.0,10,0,0,1.0,False,10,False
720.0,10,0,1,1.0,False,11,True
